,Technology,Gilt 15bp,Gilt 125 bp
Total,-1263808.72,-2821617.45,-3041617.45
Total Rel.,-0.07898804499999999,-0.07054043625,-0.07604043625000001
Asset,-956646.98,-2791617.45,-2791617.45
Asset Rel,0.7569555145971774,0.9893678003727968,0.9178068892259938
Liq.,-307161.74,-30000.0,-250000.0
Liq Rel.,0.24304448540282264,0.010632199627203187,0.08219311077400615
