,1d,2d,3d,4d,5d,im,hlm
1d,1.0,0.6839698514807855,0.5694139374622538,0.5016924292377498,0.45184318071969665,0.6411648288115188,0.5693225781959748
2d,0.6839698514807855,1.0,0.7993097722543768,0.7024379099286103,0.6356890258440193,0.4291006570855942,0.3658192554654793
3d,0.5694139374622538,0.7993097722543768,1.0,0.8540330740853107,0.7724575276186307,0.3594880997644756,0.3140768458690013
4d,0.5016924292377498,0.7024379099286103,0.8540330740853107,1.0,0.8857348959546643,0.31782189929662746,0.27513372249595336
5d,0.45184318071969665,0.6356890258440193,0.7724575276186307,0.8857348959546643,1.0,0.2833950699407739,0.2542307244589633
im,0.6411648288115188,0.4291006570855942,0.3594880997644756,0.31782189929662746,0.2833950699407739,1.0,0.6650103704079752
hlm,0.5693225781959748,0.3658192554654793,0.3140768458690013,0.27513372249595336,0.2542307244589633,0.6650103704079752,1.0
