,1d,2d,3d,4d,5d,im,hlm
1d,1.0,0.7350816902584824,0.5977931160395414,0.5065148850493688,0.45177311880109855,0.662702343059466,0.5908567644616287
2d,0.7350816902584824,1.0,0.8382445204578204,0.7212693440551975,0.6379109610291911,0.45040036294794317,0.4240529434027805
3d,0.5977931160395414,0.8382445204578204,1.0,0.8820692613820186,0.7856866904325315,0.3678212252305363,0.3621243930948849
4d,0.5065148850493688,0.7212693440551975,0.8820692613820186,1.0,0.9072106513434206,0.3088587798261802,0.31688104376350706
5d,0.45177311880109855,0.6379109610291911,0.7856866904325315,0.9072106513434206,1.0,0.2825326404016084,0.2955337812299053
im,0.662702343059466,0.45040036294794317,0.3678212252305363,0.3088587798261802,0.2825326404016084,1.0,0.686718662828491
hlm,0.5908567644616287,0.4240529434027805,0.3621243930948849,0.31688104376350706,0.2955337812299053,0.686718662828491,1.0
