,Required Paths,Cash Accuracy
0.02,4086,0.010646496309075269
0.01,16342,0.0053232481545376345
0.005,65368,0.0026616240772688172
0.0025,261472,0.0013308120386344086
0.001,1634197,0.0005323248154537635
0.0001,163419652,5.323248154537634e-05
