,pl1,hg1
count,4977.0,4958.0
up,2615.0,2504.0
down,2362.0,2454.0
up_ratio,0.5254169178219811,0.5050423557886244
down_ratio,0.47458308217801887,0.49495764421137556
