,pl1_BernoulliNB,pl1_KNeighborsClassifier,pl1_LinearSVC,pl1_LogisticRegression,pl1_BernoulliNB,pl1_KNeighborsClassifier,pl1_LinearSVC,pl1_LogisticRegression,pl1_BernoulliNB,pl1_KNeighborsClassifier,pl1_LinearSVC,pl1_LogisticRegression
TP,488.0,401.0,637.0,656.0,656.0,377.0,559.0,595.0,598.0,371.0,595.0,588.0
FP,416.0,351.0,576.0,589.0,589.0,327.0,501.0,526.0,534.0,314.0,542.0,542.0
TN,173.0,238.0,13.0,0.0,0.0,262.0,88.0,63.0,55.0,275.0,47.0,47.0
FN,168.0,255.0,19.0,0.0,0.0,279.0,97.0,61.0,58.0,285.0,61.0,68.0
acc,0.5309236947791165,0.5132530120481927,0.5220883534136547,0.5269076305220883,0.5269076305220883,0.5132530120481927,0.5196787148594377,0.5285140562248996,0.5244979919678715,0.5188755020080321,0.5156626506024097,0.5100401606425703
precision,0.5398230088495575,0.5332446808510638,0.5251442704039572,0.5269076305220883,0.5269076305220883,0.5355113636363636,0.5273584905660378,0.5307760927743087,0.5282685512367491,0.5416058394160584,0.523306948109059,0.5203539823008849
recall,0.7439024390243902,0.6112804878048781,0.9710365853658537,1.0,1.0,0.5746951219512195,0.8521341463414634,0.9070121951219512,0.9115853658536586,0.5655487804878049,0.9070121951219512,0.8963414634146342
f1,0.6256410256410256,0.5696022727272727,0.6816479400749064,0.690163072067333,0.690163072067333,0.5544117647058823,0.6515151515151515,0.6696679797411368,0.668903803131991,0.5533184190902312,0.6636921360847742,0.658454647256439
